Wk,Day,Date,Time,Home,xG,Score,xG,Away,Attendance,Venue,Referee,Match Report
Fri,2019-08-09,20:00,Liverpool,1.8,4–1,0.9,Norwich City,"53,333",Anfield,Michael Oliver,Match Report,
Sat,2019-08-10,12:30,West Ham,1.1,0–5,3.2,Manchester City,"59,870",London Stadium,Mike Dean,Match Report,
Sat,2019-08-10,15:00,Burnley,0.9,3–0,1.2,Southampton,"19,784",Turf Moor,Graham Scott,Match Report,
Sat,2019-08-10,15:00,Watford,0.7,0–3,0.8,Brighton,"20,245",Vicarage Road Stadium,Craig Pawson,Match Report,
Sat,2019-08-10,15:00,Crystal Palace,0.9,0–0,1.1,Everton,"25,151",Selhurst Park,Jonathan Moss,Match Report,
Sat,2019-08-10,15:00,Bournemouth,1.3,1–1,1.3,Sheffield Utd,"10,714",Vitality Stadium,Kevin Friend,Match Report,
Sat,2019-08-10,17:30,Tottenham,2.4,3–1,0.7,Aston Villa,"60,407",Tottenham Hotspur Stadium,Chris Kavanagh,Match Report,
Sun,2019-08-11,14:00,Newcastle Utd,0.4,0–1,1.1,Arsenal,"47,635",St. James' Park,Martin Atkinson,Match Report,
Sun,2019-08-11,14:00,Leicester City,0.7,0–0,0.7,Wolves,"32,015",King Power Stadium,Andre Marriner,Match Report,
Sun,2019-08-11,16:30,Manchester Utd,2.2,4–0,1.0,Chelsea,"73,620",Old Trafford,Anthony Taylor,Match Report,
,,,,,,,,,,,,
Sat,2019-08-17,12:30,Arsenal,0.8,2–1,1.5,Burnley,"60,214",Emirates Stadium,Mike Dean,Match Report,
Sat,2019-08-17,15:00,Norwich City,1.7,3–1,0.9,Newcastle Utd,"27,059",Carrow Road,Stuart Attwell,Match Report,
Sat,2019-08-17,15:00,Aston Villa,2.0,1–2,1.6,Bournemouth,"40,996",Villa Park,Martin Atkinson,Match Report,
Sat,2019-08-17,15:00,Brighton,2.0,1–1,0.8,West Ham,"30,459",The American Express Community Stadium,Anthony Taylor,Match Report,
Sat,2019-08-17,15:00,Southampton,1.9,1–2,1.3,Liverpool,"31,712",St. Mary's Stadium,Andre Marriner,Match Report,
Sat,2019-08-17,15:00,Everton,0.7,1–0,1.2,Watford,"39,066",Goodison Park,Lee Mason,Match Report,
Sat,2019-08-17,17:30,Manchester City,2.9,2–2,0.1,Tottenham,"54,503",Etihad Stadium,Michael Oliver,Match Report,
Sun,2019-08-18,14:00,Sheffield Utd,2.2,1–0,0.3,Crystal Palace,"30,197",Bramall Lane,David Coote,Match Report,
Sun,2019-08-18,16:30,Chelsea,1.1,1–1,0.8,Leicester City,"40,629",Stamford Bridge,Oliver Langford,Match Report,
Mon,2019-08-19,20:00,Wolves,0.3,1–1,1.2,Manchester Utd,"31,314",Molineux Stadium,Jonathan Moss,Match Report,
,,,,,,,,,,,,
Fri,2019-08-23,20:00,Aston Villa,1.0,2–0,1.3,Everton,"41,922",Villa Park,Michael Oliver,Match Report,
Sat,2019-08-24,12:30,Norwich City,1.1,2–3,1.5,Chelsea,"27,032",Carrow Road,Martin Atkinson,Match Report,
Sat,2019-08-24,15:00,Sheffield Utd,0.3,1–2,0.8,Leicester City,"30,079",Bramall Lane,Andy Madley,Match Report,
Sat,2019-08-24,15:00,Manchester Utd,2.5,1–2,1.1,Crystal Palace,"73,454",Old Trafford,Paul Tierney,Match Report,
Sat,2019-08-24,15:00,Watford,2.3,1–3,3.5,West Ham,"20,035",Vicarage Road Stadium,Chris Kavanagh,Match Report,
Sat,2019-08-24,15:00,Brighton,0.8,0–2,1.7,Southampton,"30,019",The American Express Community Stadium,Kevin Friend,Match Report,
Sat,2019-08-24,17:30,Liverpool,2.5,3–1,1.0,Arsenal,"53,298",Anfield,Anthony Taylor,Match Report,
Sun,2019-08-25,14:00,Bournemouth,2.2,1–3,3.0,Manchester City,"10,486",Vitality Stadium,Andre Marriner,Match Report,
Sun,2019-08-25,16:30,Wolves,1.5,1–1,1.6,Burnley,"30,522",Molineux Stadium,Craig Pawson,Match Report,
Sun,2019-08-25,16:30,Tottenham,1.1,0–1,0.8,Newcastle Utd,"59,245",Tottenham Hotspur Stadium,Mike Dean,Match Report,
,,,,,,,,,,,,
Sat,2019-08-31,12:30,Southampton,0.9,1–1,1.5,Manchester Utd,"30,499",St. Mary's Stadium,Mike Dean,Match Report,
Sat,2019-08-31,15:00,West Ham,2.0,2–0,1.4,Norwich City,"59,950",London Stadium,Paul Tierney,Match Report,
Sat,2019-08-31,15:00,Crystal Palace,1.4,1–0,0.4,Aston Villa,"25,248",Selhurst Park,Kevin Friend,Match Report,
Sat,2019-08-31,15:00,Leicester City,2.0,3–1,0.6,Bournemouth,"31,613",King Power Stadium,Peter Bankes,Match Report,
Sat,2019-08-31,15:00,Chelsea,2.0,2–2,1.1,Sheffield Utd,"40,560",Stamford Bridge,Stuart Attwell,Match Report,
Sat,2019-08-31,15:00,Newcastle Utd,1.0,1–1,1.0,Watford,"44,157",St. James' Park,Graham Scott,Match Report,
Sat,2019-08-31,15:00,Manchester City,1.9,4–0,0.9,Brighton,"54,386",Etihad Stadium,Jonathan Moss,Match Report,
Sat,2019-08-31,17:30,Burnley,0.9,0–3,1.0,Liverpool,"21,762",Turf Moor,Chris Kavanagh,Match Report,
Sun,2019-09-01,14:00,Everton,1.3,3–2,2.0,Wolves,"39,374",Goodison Park,Anthony Taylor,Match Report,
Sun,2019-09-01,16:30,Arsenal,2.4,2–2,2.0,Tottenham,"60,333",Emirates Stadium,Martin Atkinson,Match Report,
,,,,,,,,,,,,
Sat,2019-09-14,12:30,Liverpool,3.0,3–1,0.3,Newcastle Utd,"51,430",Anfield,Andre Marriner,Match Report,
Sat,2019-09-14,15:00,Wolves,1.7,2–5,2.7,Chelsea,"31,534",Molineux Stadium,Graham Scott,Match Report,
Sat,2019-09-14,15:00,Brighton,1.4,1–1,0.4,Burnley,"29,398",The American Express Community Stadium,Michael Oliver,Match Report,
Sat,2019-09-14,15:00,Tottenham,1.0,4–0,0.6,Crystal Palace,"59,812",Tottenham Hotspur Stadium,Craig Pawson,Match Report,
Sat,2019-09-14,15:00,Manchester Utd,1.2,1–0,0.6,Leicester City,"73,689",Old Trafford,Martin Atkinson,Match Report,
Sat,2019-09-14,15:00,Sheffield Utd,1.8,0–1,1.6,Southampton,"30,985",Bramall Lane,Lee Mason,Match Report,
Sat,2019-09-14,17:30,Norwich City,1.5,3–2,2.3,Manchester City,"27,035",Carrow Road,Kevin Friend,Match Report,
Sun,2019-09-15,14:00,Bournemouth,1.4,3–1,1.5,Everton,"10,416",Vitality Stadium,Paul Tierney,Match Report,
Sun,2019-09-15,16:30,Watford,2.7,2–2,0.8,Arsenal,"21,360",Vicarage Road Stadium,Anthony Taylor,Match Report,
Mon,2019-09-16,20:00,Aston Villa,1.3,0–0,0.6,West Ham,"42,010",Villa Park,Mike Dean,Match Report,
,,,,,,,,,,,,
Fri,2019-09-20,20:00,Southampton,2.5,1–3,1.2,Bournemouth,"30,168",St. Mary's Stadium,Chris Kavanagh,Match Report,
Sat,2019-09-21,12:30,Leicester City,1.3,2–1,1.1,Tottenham,"32,129",King Power Stadium,Paul Tierney,Match Report,
Sat,2019-09-21,15:00,Manchester City,5.9,8–0,0.4,Watford,"54,273",Etihad Stadium,Mike Dean,Match Report,
Sat,2019-09-21,15:00,Everton,1.0,0–2,0.5,Sheffield Utd,"39,354",Goodison Park,Simon Hooper,Match Report,
Sat,2019-09-21,15:00,Burnley,2.0,2–0,0.8,Norwich City,"19,712",Turf Moor,David Coote,Match Report,
Sat,2019-09-21,17:30,Newcastle Utd,0.9,0–0,1.4,Brighton,"43,316",St. James' Park,Martin Atkinson,Match Report,
Sun,2019-09-22,14:00,Crystal Palace,0.9,1–1,1.5,Wolves,"25,122",Selhurst Park,Stuart Attwell,Match Report,
Sun,2019-09-22,14:00,West Ham,0.4,2–0,0.9,Manchester Utd,"59,936",London Stadium,Anthony Taylor,Match Report,
Sun,2019-09-22,16:30,Chelsea,1.3,1–2,0.6,Liverpool,"40,638",Stamford Bridge,Michael Oliver,Match Report,
Sun,2019-09-22,16:30,Arsenal,2.4,3–2,1.5,Aston Villa,"60,331",Emirates Stadium,Jonathan Moss,Match Report,
,,,,,,,,,,,,
Sat,2019-09-28,12:30,Sheffield Utd,1.3,0–1,1.9,Liverpool,"31,774",Bramall Lane,Anthony Taylor,Match Report,
Sat,2019-09-28,15:00,Chelsea,3.7,2–0,0.6,Brighton,"40,683",Stamford Bridge,Chris Kavanagh,Match Report,
Sat,2019-09-28,15:00,Tottenham,1.0,2–1,1.5,Southampton,"59,645",Tottenham Hotspur Stadium,Graham Scott,Match Report,
Sat,2019-09-28,15:00,Aston Villa,1.0,2–2,1.5,Burnley,"41,546",Villa Park,Lee Mason,Match Report,
Sat,2019-09-28,15:00,Crystal Palace,1.5,2–0,0.7,Norwich City,"25,477",Selhurst Park,Jonathan Moss,Match Report,
Sat,2019-09-28,15:00,Wolves,1.4,2–0,1.4,Watford,"30,711",Molineux Stadium,Paul Tierney,Match Report,
Sat,2019-09-28,15:00,Bournemouth,1.9,2–2,1.6,West Ham,"10,729",Vitality Stadium,Stuart Attwell,Match Report,
Sat,2019-09-28,17:30,Everton,2.4,1–3,2.8,Manchester City,"39,222",Goodison Park,Michael Oliver,Match Report,
Sun,2019-09-29,16:30,Leicester City,1.6,5–0,0.1,Newcastle Utd,"32,168",King Power Stadium,Craig Pawson,Match Report,
Mon,2019-09-30,20:00,Manchester Utd,0.9,1–1,1.9,Arsenal,"73,201",Old Trafford,Kevin Friend,Match Report,
,,,,,,,,,,,,
Sat,2019-10-05,12:30,Brighton,2.4,3–0,0.4,Tottenham,"30,610",The American Express Community Stadium,Jonathan Moss,Match Report,
Sat,2019-10-05,15:00,Watford,1.4,0–0,0.4,Sheffield Utd,"20,811",Vicarage Road Stadium,Andre Marriner,Match Report,
Sat,2019-10-05,15:00,Burnley,0.6,1–0,1.3,Everton,"20,650",Turf Moor,Graham Scott,Match Report,
Sat,2019-10-05,15:00,Liverpool,3.5,2–1,0.1,Leicester City,"53,322",Anfield,Chris Kavanagh,Match Report,
Sat,2019-10-05,15:00,Norwich City,2.6,1–5,3.0,Aston Villa,"27,045",Carrow Road,Andy Madley,Match Report,
Sat,2019-10-05,17:30,West Ham,1.4,1–2,2.1,Crystal Palace,"59,912",London Stadium,Michael Oliver,Match Report,
Sun,2019-10-06,14:00,Manchester City,1.4,0–2,1.0,Wolves,"54,435",Etihad Stadium,Craig Pawson,Match Report,
Sun,2019-10-06,14:00,Southampton,1.4,1–4,1.7,Chelsea,"31,473",St. Mary's Stadium,Paul Tierney,Match Report,
Sun,2019-10-06,14:00,Arsenal,1.2,1–0,0.6,Bournemouth,"60,326",Emirates Stadium,Martin Atkinson,Match Report,
Sun,2019-10-06,16:30,Newcastle Utd,0.8,1–0,0.9,Manchester Utd,"51,198",St. James' Park,Mike Dean,Match Report,
,,,,,,,,,,,,
Sat,2019-10-19,12:30,Everton,2.1,2–0,0.8,West Ham,"39,263",Goodison Park,Paul Tierney,Match Report,
Sat,2019-10-19,15:00,Aston Villa,3.0,2–1,1.2,Brighton,"41,826",Villa Park,David Coote,Match Report,
Sat,2019-10-19,15:00,Leicester City,1.0,2–1,1.5,Burnley,"32,105",King Power Stadium,Jonathan Moss,Match Report,
Sat,2019-10-19,15:00,Tottenham,1.0,1–1,0.7,Watford,"58,754",Tottenham Hotspur Stadium,Chris Kavanagh,Match Report,
Sat,2019-10-19,15:00,Wolves,0.9,1–1,1.4,Southampton,"30,915",Molineux Stadium,Peter Bankes,Match Report,
Sat,2019-10-19,15:00,Chelsea,2.0,1–0,0.4,Newcastle Utd,"40,513",Stamford Bridge,Andre Marriner,Match Report,
Sat,2019-10-19,15:00,Bournemouth,0.7,0–0,0.4,Norwich City,"10,669",Vitality Stadium,Lee Mason,Match Report,
Sat,2019-10-19,17:30,Crystal Palace,0.9,0–2,3.5,Manchester City,"25,480",Selhurst Park,Anthony Taylor,Match Report,
Sun,2019-10-20,16:30,Manchester Utd,0.7,1–1,1.2,Liverpool,"73,737",Old Trafford,Martin Atkinson,Match Report,
Mon,2019-10-21,20:00,Sheffield Utd,0.9,1–0,1.0,Arsenal,"30,775",Bramall Lane,Mike Dean,Match Report,
,,,,,,,,,,,,
Fri,2019-10-25,20:00,Southampton,0.3,0–9,4.6,Leicester City,"28,762",St. Mary's Stadium,Andre Marriner,Match Report,
Sat,2019-10-26,12:30,Manchester City,2.9,3–0,1.0,Aston Villa,"54,506",Etihad Stadium,Graham Scott,Match Report,
Sat,2019-10-26,15:00,Watford,0.8,0–0,1.0,Bournemouth,"20,821",Vicarage Road Stadium,Mike Dean,Match Report,
Sat,2019-10-26,15:00,West Ham,2.3,1–1,1.0,Sheffield Utd,"59,878",London Stadium,David Coote,Match Report,
Sat,2019-10-26,15:00,Brighton,1.2,3–2,0.9,Everton,"30,529",The American Express Community Stadium,Andy Madley,Match Report,
Sat,2019-10-26,17:30,Burnley,2.1,2–4,0.9,Chelsea,"20,975",Turf Moor,Michael Oliver,Match Report,
Sun,2019-10-27,14:00,Newcastle Utd,1.0,1–1,2.1,Wolves,"46,019",St. James' Park,Kevin Friend,Match Report,
Sun,2019-10-27,16:30,Arsenal,1.3,2–2,1.6,Crystal Palace,"60,345",Emirates Stadium,Martin Atkinson,Match Report,
Sun,2019-10-27,16:30,Liverpool,2.6,2–1,1.2,Tottenham,"53,222",Anfield,Anthony Taylor,Match Report,
Sun,2019-10-27,16:30,Norwich City,1.0,1–3,4.2,Manchester Utd,"27,108",Carrow Road,Stuart Attwell,Match Report,
,,,,,,,,,,,,
Sat,2019-11-02,12:30,Bournemouth,1.9,1–0,0.8,Manchester Utd,"10,669",Vitality Stadium,Chris Kavanagh,Match Report,
Sat,2019-11-02,15:00,Sheffield Utd,2.3,3–0,0.8,Burnley,"31,131",Bramall Lane,Simon Hooper,Match Report,
Sat,2019-11-02,15:00,Brighton,2.7,2–0,0.4,Norwich City,"30,539",The American Express Community Stadium,Kevin Friend,Match Report,
Sat,2019-11-02,15:00,Aston Villa,0.4,1–2,2.4,Liverpool,"41,878",Villa Park,Jonathan Moss,Match Report,
Sat,2019-11-02,15:00,Arsenal,0.9,1–1,1.8,Wolves,"60,383",Emirates Stadium,Michael Oliver,Match Report,
Sat,2019-11-02,15:00,West Ham,1.8,2–3,1.5,Newcastle Utd,"59,907",London Stadium,Stuart Attwell,Match Report,
Sat,2019-11-02,15:00,Manchester City,2.9,2–1,0.9,Southampton,"53,922",Etihad Stadium,Lee Mason,Match Report,
Sat,2019-11-02,17:30,Watford,1.3,1–2,2.1,Chelsea,"21,011",Vicarage Road Stadium,Anthony Taylor,Match Report,
Sun,2019-11-03,14:00,Crystal Palace,0.5,0–2,1.1,Leicester City,"25,480",Selhurst Park,Paul Tierney,Match Report,
Sun,2019-11-03,16:30,Everton,1.1,1–1,0.6,Tottenham,"39,001",Goodison Park,Martin Atkinson,Match Report,
,,,,,,,,,,,,
Fri,2019-11-08,20:00,Norwich City,0.7,0–2,1.3,Watford,"27,074",Carrow Road,Andre Marriner,Match Report,
Sat,2019-11-09,12:30,Chelsea,3.6,2–0,0.2,Crystal Palace,"40,525",Stamford Bridge,Mike Dean,Match Report,
Sat,2019-11-09,15:00,Southampton,0.9,1–2,1.8,Everton,"29,754",St. Mary's Stadium,Paul Tierney,Match Report,
Sat,2019-11-09,15:00,Burnley,2.1,3–0,0.5,West Ham,"20,255",Turf Moor,Kevin Friend,Match Report,
Sat,2019-11-09,15:00,Newcastle Utd,2.4,2–1,1.8,Bournemouth,"44,424",St. James' Park,Martin Atkinson,Match Report,
Sat,2019-11-09,15:00,Tottenham,1.8,1–1,0.9,Sheffield Utd,"59,781",Tottenham Hotspur Stadium,Graham Scott,Match Report,
Sat,2019-11-09,17:30,Leicester City,1.2,2–0,1.0,Arsenal,"32,209",King Power Stadium,Chris Kavanagh,Match Report,
Sun,2019-11-10,14:00,Manchester Utd,3.6,3–1,0.8,Brighton,"73,556",Old Trafford,Jonathan Moss,Match Report,
Sun,2019-11-10,14:00,Wolves,2.4,2–1,0.6,Aston Villa,"31,607",Molineux Stadium,Anthony Taylor,Match Report,
Sun,2019-11-10,16:30,Liverpool,1.1,3–1,1.3,Manchester City,"53,324",Anfield,Michael Oliver,Match Report,
,,,,,,,,,,,,
Sat,2019-11-23,12:30,West Ham,0.7,2–3,2.1,Tottenham,"59,930",London Stadium,Michael Oliver,Match Report,
Sat,2019-11-23,15:00,Crystal Palace,1.0,1–2,1.4,Liverpool,"25,486",Selhurst Park,Kevin Friend,Match Report,
Sat,2019-11-23,15:00,Arsenal,1.8,2–2,2.4,Southampton,"60,295",Emirates Stadium,Stuart Attwell,Match Report,
Sat,2019-11-23,15:00,Bournemouth,0.6,1–2,1.1,Wolves,"10,539",Vitality Stadium,Simon Hooper,Match Report,
Sat,2019-11-23,15:00,Everton,0.9,0–2,1.7,Norwich City,"39,241",Goodison Park,Anthony Taylor,Match Report,
Sat,2019-11-23,15:00,Brighton,0.6,0–2,3.6,Leicester City,"30,640",The American Express Community Stadium,Mike Dean,Match Report,
Sat,2019-11-23,15:00,Watford,1.0,0–3,1.9,Burnley,"19,711",Vicarage Road Stadium,Paul Tierney,Match Report,
Sat,2019-11-23,17:30,Manchester City,1.0,2–1,0.9,Chelsea,"54,486",Etihad Stadium,Martin Atkinson,Match Report,
Sun,2019-11-24,16:30,Sheffield Utd,1.3,3–3,1.3,Manchester Utd,"32,024",Bramall Lane,Andre Marriner,Match Report,
Mon,2019-11-25,20:00,Aston Villa,2.3,2–0,0.6,Newcastle Utd,"41,821",Villa Park,Lee Mason,Match Report,
,,,,,,,,,,,,
Sat,2019-11-30,12:30,Newcastle Utd,0.3,2–2,2.4,Manchester City,"49,937",St. James' Park,Chris Kavanagh,Match Report,
Sat,2019-11-30,15:00,Tottenham,2.3,3–2,1.1,Bournemouth,"59,626",Tottenham Hotspur Stadium,Lee Mason,Match Report,
Sat,2019-11-30,15:00,Liverpool,1.3,2–1,0.8,Brighton,"53,319",Anfield,Martin Atkinson,Match Report,
Sat,2019-11-30,15:00,Burnley,1.9,0–2,0.7,Crystal Palace,"19,818",Turf Moor,Peter Bankes,Match Report,
Sat,2019-11-30,15:00,Chelsea,2.3,0–1,0.9,West Ham,"40,595",Stamford Bridge,Jonathan Moss,Match Report,
Sat,2019-11-30,17:30,Southampton,2.1,2–1,0.6,Watford,"26,929",St. Mary's Stadium,Michael Oliver,Match Report,
Sun,2019-12-01,14:00,Norwich City,0.8,2–2,1.9,Arsenal,"27,067",Carrow Road,Paul Tierney,Match Report,
Sun,2019-12-01,14:00,Wolves,1.3,1–1,1.5,Sheffield Utd,"31,642",Molineux Stadium,David Coote,Match Report,
Sun,2019-12-01,16:30,Leicester City,2.2,2–1,1.1,Everton,"32,144",King Power Stadium,Graham Scott,Match Report,
Sun,2019-12-01,16:30,Manchester Utd,1.7,2–2,1.2,Aston Villa,"73,381",Old Trafford,Craig Pawson,Match Report,
,,,,,,,,,,,,
Tue,2019-12-03,19:30,Crystal Palace,0.3,1–0,0.4,Bournemouth,"23,497",Selhurst Park,Anthony Taylor,Match Report,
Tue,2019-12-03,20:15,Burnley,0.6,1–4,2.2,Manchester City,"20,101",Turf Moor,Jonathan Moss,Match Report,
Wed,2019-12-04,19:30,Wolves,1.5,2–0,0.6,West Ham,"31,217",Molineux Stadium,Andre Marriner,Match Report,
Wed,2019-12-04,19:30,Southampton,1.7,2–1,0.9,Norwich City,"27,019",St. Mary's Stadium,Kevin Friend,Match Report,
Wed,2019-12-04,19:30,Chelsea,1.8,2–1,1.0,Aston Villa,"40,628",Stamford Bridge,Chris Kavanagh,Match Report,
Wed,2019-12-04,19:30,Manchester Utd,1.4,2–1,0.9,Tottenham,"73,252",Old Trafford,Paul Tierney,Match Report,
Wed,2019-12-04,19:30,Leicester City,2.4,2–0,0.2,Watford,"31,763",King Power Stadium,Craig Pawson,Match Report,
Wed,2019-12-04,20:15,Liverpool,2.0,5–2,1.5,Everton,"53,094",Anfield,Mike Dean,Match Report,
Thu,2019-12-05,19:30,Sheffield Utd,1.1,0–2,0.5,Newcastle Utd,"30,409",Bramall Lane,Stuart Attwell,Match Report,
Thu,2019-12-05,20:15,Arsenal,0.9,1–2,1.7,Brighton,"60,164",Emirates Stadium,Graham Scott,Match Report,
,,,,,,,,,,,,
Sat,2019-12-07,12:30,Everton,1.8,3–1,1.1,Chelsea,"39,114",Goodison Park,Craig Pawson,Match Report,
Sat,2019-12-07,15:00,Tottenham,2.6,5–0,0.9,Burnley,"58,401",Tottenham Hotspur Stadium,Kevin Friend,Match Report,
Sat,2019-12-07,15:00,Watford,1.4,0–0,0.2,Crystal Palace,"20,070",Vicarage Road Stadium,Martin Atkinson,Match Report,
Sat,2019-12-07,15:00,Bournemouth,0.1,0–3,2.4,Liverpool,"10,832",Vitality Stadium,Chris Kavanagh,Match Report,
Sat,2019-12-07,17:30,Manchester City,2.2,1–2,1.4,Manchester Utd,"54,403",Etihad Stadium,Anthony Taylor,Match Report,
Sun,2019-12-08,14:00,Norwich City,0.7,1–2,0.8,Sheffield Utd,"26,881",Carrow Road,Simon Hooper,Match Report,
Sun,2019-12-08,14:00,Aston Villa,1.2,1–4,4.6,Leicester City,"41,908",Villa Park,Michael Oliver,Match Report,
Sun,2019-12-08,14:00,Newcastle Utd,0.9,2–1,1.7,Southampton,"42,303",St. James' Park,David Coote,Match Report,
Sun,2019-12-08,16:30,Brighton,1.2,2–2,1.5,Wolves,"30,189",The American Express Community Stadium,Jonathan Moss,Match Report,
Mon,2019-12-09,20:00,West Ham,0.6,1–3,1.4,Arsenal,"59,936",London Stadium,Mike Dean,Match Report,
,,,,,,,,,,,,
Sat,2019-12-14,12:30,Liverpool,1.4,2–0,1.0,Watford,"53,311",Anfield,Andre Marriner,Match Report,
Sat,2019-12-14,15:00,Leicester City,1.1,1–1,1.1,Norwich City,"32,101",King Power Stadium,Andy Madley,Match Report,
Sat,2019-12-14,15:00,Burnley,1.4,1–0,1.0,Newcastle Utd,"19,798",Turf Moor,Tim Robinson,Match Report,
Sat,2019-12-14,15:00,Sheffield Utd,1.7,2–0,1.1,Aston Villa,"30,396",Bramall Lane,Peter Bankes,Match Report,
Sat,2019-12-14,15:00,Chelsea,2.1,0–1,1.0,Bournemouth,"40,243",Stamford Bridge,Graham Scott,Match Report,
Sat,2019-12-14,17:30,Southampton,0.9,0–1,0.9,West Ham,"27,701",St. Mary's Stadium,Martin Atkinson,Match Report,
Sun,2019-12-15,14:00,Manchester Utd,1.4,1–1,0.3,Everton,"63,328",Old Trafford,Michael Oliver,Match Report,
Sun,2019-12-15,14:00,Wolves,0.9,1–2,0.9,Tottenham,"31,674",Molineux Stadium,Stuart Attwell,Match Report,
Sun,2019-12-15,16:30,Arsenal,0.5,0–3,1.3,Manchester City,"60,031",Emirates Stadium,Paul Tierney,Match Report,
Mon,2019-12-16,19:45,Crystal Palace,0.7,1–1,2.3,Brighton,"24,175",Selhurst Park,Craig Pawson,Match Report,
,,,,,,,,,,,,
Sat,2019-12-21,12:30,Everton,0.5,0–0,0.6,Arsenal,"39,336",Goodison Park,Kevin Friend,Match Report,
Sat,2019-12-21,15:00,Norwich City,1.3,1–2,1.4,Wolves,"27,053",Carrow Road,Peter Bankes,Match Report,
Sat,2019-12-21,15:00,Brighton,0.5,0–1,1.3,Sheffield Utd,"30,505",The American Express Community Stadium,Robert Jones,Match Report,
Sat,2019-12-21,15:00,Newcastle Utd,0.5,1–0,1.3,Crystal Palace,"45,453",St. James' Park,Simon Hooper,Match Report,
Sat,2019-12-21,15:00,Aston Villa,1.1,1–3,2.8,Southampton,"41,834",Villa Park,Craig Pawson,Match Report,
Sat,2019-12-21,15:00,Bournemouth,0.1,0–1,0.2,Burnley,"10,020",Vitality Stadium,Martin Atkinson,Match Report,
Sat,2019-12-21,17:30,Manchester City,3.3,3–1,1.1,Leicester City,"54,415",Etihad Stadium,Mike Dean,Match Report,
Sun,2019-12-22,14:00,Watford,1.5,2–0,1.8,Manchester Utd,"21,488",Vicarage Road Stadium,Lee Mason,Match Report,
Sun,2019-12-22,16:30,Tottenham,0.3,0–2,1.3,Chelsea,"61,104",Tottenham Hotspur Stadium,Anthony Taylor,Match Report,
,,,,,,,,,,,,
Thu,2019-12-26,12:30,Tottenham,0.8,2–1,1.0,Brighton,"56,308",Tottenham Hotspur Stadium,Graham Scott,Match Report,
Thu,2019-12-26,15:00,Aston Villa,0.6,1–0,1.2,Norwich City,"41,289",Villa Park,Chris Kavanagh,Match Report,
Thu,2019-12-26,15:00,Crystal Palace,2.7,2–1,0.9,West Ham,"25,462",Selhurst Park,Andre Marriner,Match Report,
Thu,2019-12-26,15:00,Bournemouth,2.0,1–1,1.4,Arsenal,"10,234",Vitality Stadium,Stuart Attwell,Match Report,
Thu,2019-12-26,15:00,Sheffield Utd,2.4,1–1,0.6,Watford,"30,222",Bramall Lane,David Coote,Match Report,
Thu,2019-12-26,15:00,Everton,1.4,1–0,0.3,Burnley,"39,177",Goodison Park,Anthony Taylor,Match Report,
Thu,2019-12-26,15:00,Chelsea,0.7,0–2,1.1,Southampton,"40,651",Stamford Bridge,Jonathan Moss,Match Report,
Thu,2019-12-26,17:30,Manchester Utd,1.9,4–1,0.8,Newcastle Utd,"73,206",Old Trafford,Kevin Friend,Match Report,
Thu,2019-12-26,20:00,Leicester City,0.1,0–4,3.2,Liverpool,"32,211",King Power Stadium,Michael Oliver,Match Report,
Fri,2019-12-27,19:45,Wolves,2.6,3–2,1.5,Manchester City,"31,737",Molineux Stadium,Martin Atkinson,Match Report,
,,,,,,,,,,,,
Sat,2019-12-28,12:30,Brighton,0.8,2–0,0.5,Bournemouth,"30,441",The American Express Community Stadium,Paul Tierney,Match Report,
Sat,2019-12-28,15:00,Watford,2.8,3–0,0.6,Aston Villa,"21,348",Vicarage Road Stadium,Simon Hooper,Match Report,
Sat,2019-12-28,15:00,Newcastle Utd,1.8,1–2,2.9,Everton,"52,211",St. James' Park,Lee Mason,Match Report,
Sat,2019-12-28,15:00,Southampton,1.4,1–1,0.3,Crystal Palace,"31,108",St. Mary's Stadium,Andy Madley,Match Report,
Sat,2019-12-28,17:30,West Ham,1.0,1–2,2.5,Leicester City,"59,919",London Stadium,David Coote,Match Report,
Sat,2019-12-28,17:30,Norwich City,0.2,2–2,1.9,Tottenham,"27,072",Carrow Road,Kevin Friend,Match Report,
Sat,2019-12-28,19:45,Burnley,0.5,0–2,2.2,Manchester Utd,"21,924",Turf Moor,Mike Dean,Match Report,
Sun,2019-12-29,14:00,Arsenal,0.5,1–2,1.4,Chelsea,"60,309",Emirates Stadium,Craig Pawson,Match Report,
Sun,2019-12-29,16:30,Liverpool,1.2,1–0,0.5,Wolves,"53,326",Anfield,Anthony Taylor,Match Report,
Sun,2019-12-29,18:00,Manchester City,1.1,2–0,1.1,Sheffield Utd,"54,512",Etihad Stadium,Chris Kavanagh,Match Report,
,,,,,,,,,,,,
Wed,2020-01-01,12:30,Brighton,1.3,1–1,1.3,Chelsea,"30,559",The American Express Community Stadium,Stuart Attwell,Match Report,
Wed,2020-01-01,12:30,Burnley,2.2,1–2,1.3,Aston Villa,"19,561",Turf Moor,Michael Oliver,Match Report,
Wed,2020-01-01,15:00,Newcastle Utd,0.7,0–3,2.6,Leicester City,"52,178",St. James' Park,Martin Atkinson,Match Report,
Wed,2020-01-01,15:00,Southampton,1.3,1–0,0.9,Tottenham,"30,976",St. Mary's Stadium,Mike Dean,Match Report,
Wed,2020-01-01,15:00,Watford,1.1,2–1,1.2,Wolves,"20,584",Vicarage Road Stadium,Andy Madley,Match Report,
Wed,2020-01-01,17:30,Norwich City,1.4,1–1,1.3,Crystal Palace,"27,021",Carrow Road,Jonathan Moss,Match Report,
Wed,2020-01-01,17:30,West Ham,2.4,4–0,0.6,Bournemouth,"59,917",London Stadium,Graham Scott,Match Report,
Wed,2020-01-01,17:30,Manchester City,1.5,2–1,1.0,Everton,"54,407",Etihad Stadium,Andre Marriner,Match Report,
Wed,2020-01-01,20:00,Arsenal,1.5,2–0,0.7,Manchester Utd,"60,328",Emirates Stadium,Chris Kavanagh,Match Report,
Thu,2020-01-02,20:00,Liverpool,2.8,2–0,0.6,Sheffield Utd,"53,321",Anfield,Paul Tierney,Match Report,
,,,,,,,,,,,,
Fri,2020-01-10,20:00,Sheffield Utd,1.4,1–0,0.7,West Ham,"30,124",Bramall Lane,Michael Oliver,Match Report,
Sat,2020-01-11,12:30,Crystal Palace,0.6,1–1,1.4,Arsenal,"25,468",Selhurst Park,Paul Tierney,Match Report,
Sat,2020-01-11,15:00,Chelsea,2.7,3–0,0.8,Burnley,"40,396",Stamford Bridge,Kevin Friend,Match Report,
Sat,2020-01-11,15:00,Everton,1.7,1–0,1.3,Brighton,"38,772",Goodison Park,David Coote,Match Report,
Sat,2020-01-11,15:00,Leicester City,0.7,1–2,2.1,Southampton,"32,115",King Power Stadium,Lee Mason,Match Report,
Sat,2020-01-11,15:00,Wolves,1.6,1–1,0.2,Newcastle Utd,"31,570",Molineux Stadium,Peter Bankes,Match Report,
Sat,2020-01-11,15:00,Manchester Utd,2.9,4–0,0.3,Norwich City,"73,271",Old Trafford,Anthony Taylor,Match Report,
Sat,2020-01-11,17:30,Tottenham,1.2,0–1,1.2,Liverpool,"61,023",Tottenham Hotspur Stadium,Martin Atkinson,Match Report,
Sun,2020-01-12,14:00,Bournemouth,0.4,0–3,2.0,Watford,"10,384",Vitality Stadium,Mike Dean,Match Report,
Sun,2020-01-12,16:30,Aston Villa,1.1,1–6,2.8,Manchester City,"41,823",Villa Park,Jonathan Moss,Match Report,
,,,,,,,,,,,,
Sat,2020-01-18,12:30,Watford,2.5,0–0,1.9,Tottenham,"21,366",Vicarage Road Stadium,Michael Oliver,Match Report,
Sat,2020-01-18,15:00,Arsenal,1.4,1–1,0.8,Sheffield Utd,"60,310",Emirates Stadium,Mike Dean,Match Report,
Sat,2020-01-18,15:00,Norwich City,1.8,1–0,0.7,Bournemouth,"26,781",Carrow Road,Paul Tierney,Match Report,
Sat,2020-01-18,15:00,Manchester City,2.6,2–2,0.4,Crystal Palace,"54,439",Etihad Stadium,Graham Scott,Match Report,
Sat,2020-01-18,15:00,Southampton,0.7,2–3,2.4,Wolves,"31,152",St. Mary's Stadium,Darren England,Match Report,
Sat,2020-01-18,15:00,Brighton,1.1,1–1,0.6,Aston Villa,"30,551",The American Express Community Stadium,Andy Madley,Match Report,
Sat,2020-01-18,15:00,West Ham,1.3,1–1,1.7,Everton,"59,915",London Stadium,Andre Marriner,Match Report,
Sat,2020-01-18,17:30,Newcastle Utd,0.6,1–0,2.4,Chelsea,"52,217",St. James' Park,Chris Kavanagh,Match Report,
Sun,2020-01-19,14:00,Burnley,1.4,2–1,2.5,Leicester City,"19,788",Turf Moor,Anthony Taylor,Match Report,
Sun,2020-01-19,16:30,Liverpool,1.9,2–0,1.3,Manchester Utd,"52,916",Anfield,Craig Pawson,Match Report,
,,,,,,,,,,,,
Tue,2020-01-21,19:30,Crystal Palace,0.6,0–2,1.1,Southampton,"23,739",Selhurst Park,Andre Marriner,Match Report,
Tue,2020-01-21,19:30,Everton,1.8,2–2,1.3,Newcastle Utd,"38,822",Goodison Park,Simon Hooper,Match Report,
Tue,2020-01-21,19:30,Aston Villa,1.3,2–1,1.8,Watford,"40,867",Villa Park,Martin Atkinson,Match Report,
Tue,2020-01-21,19:30,Sheffield Utd,0.8,0–1,2.8,Manchester City,"31,285",Bramall Lane,Lee Mason,Match Report,
Tue,2020-01-21,19:30,Bournemouth,1.4,3–1,1.8,Brighton,"10,065",Vitality Stadium,Kevin Friend,Match Report,
Tue,2020-01-21,20:15,Chelsea,2.9,2–2,0.4,Arsenal,"40,577",Stamford Bridge,Stuart Attwell,Match Report,
Wed,2020-01-22,19:30,Leicester City,2.8,4–1,1.6,West Ham,"31,968",King Power Stadium,David Coote,Match Report,
Wed,2020-01-22,19:30,Tottenham,2.1,2–1,1.5,Norwich City,"58,182",Tottenham Hotspur Stadium,Chris Kavanagh,Match Report,
Wed,2020-01-22,20:15,Manchester Utd,1.4,0–2,0.6,Burnley,"73,198",Old Trafford,Jonathan Moss,Match Report,
Thu,2020-01-23,20:00,Wolves,1.8,1–2,1.1,Liverpool,"31,746",Molineux Stadium,Michael Oliver,Match Report,
,,,,,,,,,,,,
Wed,2020-01-29,19:45,West Ham,0.7,0–2,2.8,Liverpool,"59,959",London Stadium,Jonathan Moss,Match Report,
,,,,,,,,,,,,
Sat,2020-02-01,12:30,Leicester City,1.4,2–2,0.6,Chelsea,"32,186",King Power Stadium,Lee Mason,Match Report,
Sat,2020-02-01,15:00,West Ham,0.8,3–3,1.9,Brighton,"59,952",London Stadium,Michael Oliver,Match Report,
Sat,2020-02-01,15:00,Watford,0.9,2–3,2.2,Everton,"21,229",Vicarage Road Stadium,Craig Pawson,Match Report,
Sat,2020-02-01,15:00,Crystal Palace,0.8,0–1,0.7,Sheffield Utd,"25,170",Selhurst Park,Andy Madley,Match Report,
Sat,2020-02-01,15:00,Liverpool,3.2,4–0,0.8,Southampton,"53,291",Anfield,Kevin Friend,Match Report,
Sat,2020-02-01,15:00,Bournemouth,2.2,2–1,1.7,Aston Villa,"10,722",Vitality Stadium,Anthony Taylor,Match Report,
Sat,2020-02-01,15:00,Newcastle Utd,1.0,0–0,2.2,Norwich City,"52,204",St. James' Park,Martin Atkinson,Match Report,
Sat,2020-02-01,17:30,Manchester Utd,1.0,0–0,1.3,Wolves,"73,363",Old Trafford,Paul Tierney,Match Report,
Sun,2020-02-02,14:00,Burnley,1.9,0–0,1.2,Arsenal,"21,048",Turf Moor,Chris Kavanagh,Match Report,
Sun,2020-02-02,16:30,Tottenham,0.3,2–0,2.4,Manchester City,"61,022",Tottenham Hotspur Stadium,Mike Dean,Match Report,
,,,,,,,,,,,,
Sat,2020-02-08,12:30,Everton,2.5,3–1,1.1,Crystal Palace,"38,987",Goodison Park,David Coote,Match Report,
Sat,2020-02-08,17:30,Brighton,0.8,1–1,0.2,Watford,"30,443",The American Express Community Stadium,Kevin Friend,Match Report,
Sun,2020-02-09,14:00,Sheffield Utd,1.9,2–1,1.4,Bournemouth,"30,361",Bramall Lane,Jonathan Moss,Match Report,
Fri,2020-02-14,20:00,Wolves,1.0,0–0,0.7,Leicester City,"31,682",Molineux Stadium,Mike Dean,Match Report,
Sat,2020-02-15,12:30,Southampton,0.8,1–2,0.8,Burnley,"26,302",St. Mary's Stadium,Simon Hooper,Match Report,
Sat,2020-02-15,17:30,Norwich City,0.3,0–1,2.0,Liverpool,"27,110",Carrow Road,Stuart Attwell,Match Report,
Sun,2020-02-16,14:00,Aston Villa,1.8,2–3,3.4,Tottenham,"41,874",Villa Park,Martin Atkinson,Match Report,
Sun,2020-02-16,16:30,Arsenal,2.6,4–0,0.9,Newcastle Utd,"60,188",Emirates Stadium,Lee Mason,Match Report,
Mon,2020-02-17,20:00,Chelsea,0.9,0–2,0.6,Manchester Utd,"40,504",Stamford Bridge,Anthony Taylor,Match Report,
Wed,2020-02-19,19:30,Manchester City,2.1,2–0,0.1,West Ham,"52,159",Etihad Stadium,Kevin Friend,Match Report,
,,,,,,,,,,,,
Sat,2020-02-22,12:30,Chelsea,1.7,2–1,0.2,Tottenham,"40,608",Stamford Bridge,Michael Oliver,Match Report,
Sat,2020-02-22,15:00,Crystal Palace,1.6,1–0,0.2,Newcastle Utd,"25,486",Selhurst Park,Peter Bankes,Match Report,
Sat,2020-02-22,15:00,Southampton,2.6,2–0,0.5,Aston Villa,"31,478",St. Mary's Stadium,Craig Pawson,Match Report,
Sat,2020-02-22,15:00,Burnley,3.2,3–0,1.8,Bournemouth,"18,227",Turf Moor,Mike Dean,Match Report,
Sat,2020-02-22,15:00,Sheffield Utd,1.6,1–1,1.2,Brighton,"31,888",Bramall Lane,Graham Scott,Match Report,
Sat,2020-02-22,17:30,Leicester City,0.8,0–1,2.4,Manchester City,"32,068",King Power Stadium,Paul Tierney,Match Report,
Sun,2020-02-23,14:00,Wolves,2.9,3–0,0.4,Norwich City,"31,046",Molineux Stadium,Chris Kavanagh,Match Report,
Sun,2020-02-23,14:00,Manchester Utd,2.4,3–0,0.3,Watford,"73,347",Old Trafford,Martin Atkinson,Match Report,
Sun,2020-02-23,16:30,Arsenal,1.3,3–2,2.7,Everton,"60,296",Emirates Stadium,Stuart Attwell,Match Report,
Mon,2020-02-24,20:00,Liverpool,2.4,3–2,0.7,West Ham,"53,313",Anfield,Jonathan Moss,Match Report,
,,,,,,,,,,,,
Fri,2020-02-28,20:00,Norwich City,0.6,1–0,1.3,Leicester City,"27,010",Carrow Road,Craig Pawson,Match Report,
Sat,2020-02-29,12:30,Brighton,2.2,0–1,2.5,Crystal Palace,"30,124",The American Express Community Stadium,Martin Atkinson,Match Report,
Sat,2020-02-29,15:00,West Ham,2.3,3–1,0.7,Southampton,"59,962",London Stadium,Anthony Taylor,Match Report,
Sat,2020-02-29,15:00,Bournemouth,1.4,2–2,1.9,Chelsea,"10,667",Vitality Stadium,Andre Marriner,Match Report,
Sat,2020-02-29,15:00,Newcastle Utd,1.1,0–0,0.7,Burnley,"52,219",St. James' Park,Andy Madley,Match Report,
Sat,2020-02-29,17:30,Watford,2.3,3–0,0.3,Liverpool,"21,634",Vicarage Road Stadium,Michael Oliver,Match Report,
Sun,2020-03-01,14:00,Tottenham,1.7,2–3,2.6,Wolves,"58,064",Tottenham Hotspur Stadium,Stuart Attwell,Match Report,
Sun,2020-03-01,14:00,Everton,2.1,1–1,1.1,Manchester Utd,"39,374",Goodison Park,Chris Kavanagh,Match Report,
,,,,,,,,,,,,
Sat,2020-03-07,12:30,Liverpool,1.8,2–1,1.4,Bournemouth,"53,323",Anfield,Paul Tierney,Match Report,
Sat,2020-03-07,15:00,Wolves,0.8,0–0,0.3,Brighton,"31,490",Molineux Stadium,Andre Marriner,Match Report,
Sat,2020-03-07,15:00,Crystal Palace,0.8,1–0,0.6,Watford,"25,461",Selhurst Park,Anthony Taylor,Match Report,
Sat,2020-03-07,15:00,Southampton,0.6,0–1,2.8,Newcastle Utd,"30,096",St. Mary's Stadium,Graham Scott,Match Report,
Sat,2020-03-07,15:00,Arsenal,1.2,1–0,1.5,West Ham,"60,335",Emirates Stadium,Martin Atkinson,Match Report,
Sat,2020-03-07,15:00,Sheffield Utd,0.9,1–0,2.4,Norwich City,"31,379",Bramall Lane,Simon Hooper,Match Report,
Sat,2020-03-07,17:30,Burnley,3.0,1–1,1.2,Tottenham,"20,496",Turf Moor,Jonathan Moss,Match Report,
Sun,2020-03-08,14:00,Chelsea,1.8,4–0,0.5,Everton,"40,694",Stamford Bridge,Kevin Friend,Match Report,
Sun,2020-03-08,16:30,Manchester Utd,1.6,2–0,0.6,Manchester City,"73,288",Old Trafford,Mike Dean,Match Report,
Mon,2020-03-09,20:00,Leicester City,2.1,4–0,0.5,Aston Villa,"32,125",King Power Stadium,Michael Oliver,Match Report,
,,,,,,,,,,,,
Wed,2020-06-17,18:00,Aston Villa,1.4,0–0,0.3,Sheffield Utd,,Villa Park,Michael Oliver,Match Report,
Wed,2020-06-17,20:15,Manchester City,2.6,3–0,0.3,Arsenal,,Etihad Stadium,Anthony Taylor,Match Report,
,,,,,,,,,,,,
Fri,2020-06-19,18:00,Norwich City,0.6,0–3,1.7,Southampton,,Carrow Road,Kevin Friend,Match Report,
Fri,2020-06-19,20:15,Tottenham,0.4,1–1,1.7,Manchester Utd,,Tottenham Hotspur Stadium,Jonathan Moss,Match Report,
Sat,2020-06-20,12:30,Watford,1.3,1–1,1.0,Leicester City,,Vicarage Road Stadium,Craig Pawson,Match Report,
Sat,2020-06-20,15:00,Brighton,1.0,2–1,0.8,Arsenal,,The American Express Community Stadium,Martin Atkinson,Match Report,
Sat,2020-06-20,17:30,West Ham,0.5,0–2,1.0,Wolves,,London Stadium,Anthony Taylor,Match Report,
Sat,2020-06-20,19:45,Bournemouth,0.5,0–2,0.8,Crystal Palace,,Vitality Stadium,Stuart Attwell,Match Report,
Sun,2020-06-21,14:00,Newcastle Utd,2.0,3–0,0.6,Sheffield Utd,,St. James' Park,David Coote,Match Report,
Sun,2020-06-21,16:15,Aston Villa,1.0,1–2,1.1,Chelsea,,Villa Park,Paul Tierney,Match Report,
Sun,2020-06-21,19:00,Everton,0.9,0–0,0.7,Liverpool,,Goodison Park,Mike Dean,Match Report,
Mon,2020-06-22,20:00,Manchester City,2.4,5–0,0.0,Burnley,,Etihad Stadium,Andre Marriner,Match Report,
,,,,,,,,,,,,
Tue,2020-06-23,18:00,Leicester City,0.6,0–0,1.1,Brighton,,King Power Stadium,Lee Mason,Match Report,
Tue,2020-06-23,20:15,Tottenham,2.3,2–0,1.2,West Ham,,Tottenham Hotspur Stadium,Craig Pawson,Match Report,
Wed,2020-06-24,18:00,Norwich City,0.4,0–1,0.8,Everton,,Carrow Road,Andy Madley,Match Report,
Wed,2020-06-24,18:00,Wolves,1.7,1–0,0.1,Bournemouth,,Molineux Stadium,Michael Oliver,Match Report,
Wed,2020-06-24,18:00,Manchester Utd,2.4,3–0,0.1,Sheffield Utd,,Old Trafford,Anthony Taylor,Match Report,
Wed,2020-06-24,18:00,Newcastle Utd,0.9,1–1,1.6,Aston Villa,,St. James' Park,Chris Kavanagh,Match Report,
Wed,2020-06-24,20:15,Liverpool,2.4,4–0,0.1,Crystal Palace,,Anfield,Martin Atkinson,Match Report,
Thu,2020-06-25,18:00,Southampton,0.9,0–2,1.9,Arsenal,,St. Mary's Stadium,Graham Scott,Match Report,
Thu,2020-06-25,18:00,Burnley,0.9,1–0,0.7,Watford,,Turf Moor,Mike Dean,Match Report,
Thu,2020-06-25,20:15,Chelsea,3.2,2–1,0.8,Manchester City,,Stamford Bridge,Stuart Attwell,Match Report,
,,,,,,,,,,,,
Sat,2020-06-27,12:30,Aston Villa,0.6,0–1,0.7,Wolves,,Villa Park,Craig Pawson,Match Report,
Sun,2020-06-28,16:30,Watford,0.5,1–3,1.3,Southampton,,Vicarage Road Stadium,Michael Oliver,Match Report,
Mon,2020-06-29,20:00,Crystal Palace,0.9,0–1,0.4,Burnley,,Selhurst Park,Simon Hooper,Match Report,
Tue,2020-06-30,20:15,Brighton,0.4,0–3,1.0,Manchester Utd,,The American Express Community Stadium,Andre Marriner,Match Report,
Wed,2020-07-01,18:00,Bournemouth,1.6,1–4,1.8,Newcastle Utd,,Vitality Stadium,Kevin Friend,Match Report,
Wed,2020-07-01,18:00,Everton,1.2,2–1,1.8,Leicester City,,Goodison Park,David Coote,Match Report,
Wed,2020-07-01,18:00,Arsenal,1.5,4–0,0.3,Norwich City,,Emirates Stadium,Peter Bankes,Match Report,
Wed,2020-07-01,20:15,West Ham,2.2,3–2,1.6,Chelsea,,London Stadium,Martin Atkinson,Match Report,
Thu,2020-07-02,18:00,Sheffield Utd,1.6,3–1,1.1,Tottenham,,Bramall Lane,Chris Kavanagh,Match Report,
Thu,2020-07-02,20:15,Manchester City,2.4,4–0,1.1,Liverpool,,Etihad Stadium,Anthony Taylor,Match Report,
,,,,,,,,,,,,
Sat,2020-07-04,12:30,Norwich City,0.6,0–1,1.0,Brighton,,Carrow Road,Stuart Attwell,Match Report,
Sat,2020-07-04,15:00,Leicester City,2.8,3–0,0.8,Crystal Palace,,King Power Stadium,Jonathan Moss,Match Report,
Sat,2020-07-04,15:00,Manchester Utd,2.5,5–2,1.8,Bournemouth,,Old Trafford,Mike Dean,Match Report,
Sat,2020-07-04,17:30,Wolves,1.2,0–2,1.3,Arsenal,,Molineux Stadium,Michael Oliver,Match Report,
Sat,2020-07-04,20:00,Chelsea,2.5,3–0,0.6,Watford,,Stamford Bridge,Kevin Friend,Match Report,
Sun,2020-07-05,12:00,Burnley,1.3,1–1,1.1,Sheffield Utd,,Turf Moor,Peter Bankes,Match Report,
Sun,2020-07-05,14:15,Newcastle Utd,1.4,2–2,2.1,West Ham,,St. James' Park,Craig Pawson,Match Report,
Sun,2020-07-05,16:30,Liverpool,0.7,2–0,0.7,Aston Villa,,Anfield,Paul Tierney,Match Report,
Sun,2020-07-05,19:00,Southampton,0.6,1–0,3.2,Manchester City,,St. Mary's Stadium,Andre Marriner,Match Report,
Mon,2020-07-06,20:00,Tottenham,0.5,1–0,0.5,Everton,,Tottenham Hotspur Stadium,Graham Scott,Match Report,
,,,,,,,,,,,,
Tue,2020-07-07,18:00,Crystal Palace,1.5,2–3,1.9,Chelsea,,Selhurst Park,David Coote,Match Report,
Tue,2020-07-07,18:00,Watford,1.2,2–1,1.2,Norwich City,,Vicarage Road Stadium,Anthony Taylor,Match Report,
Tue,2020-07-07,20:15,Arsenal,1.1,1–1,0.9,Leicester City,,Emirates Stadium,Chris Kavanagh,Match Report,
Wed,2020-07-08,18:00,Manchester City,2.8,5–0,0.3,Newcastle Utd,,Etihad Stadium,Andy Madley,Match Report,
Wed,2020-07-08,18:00,West Ham,1.6,0–1,0.9,Burnley,,London Stadium,Michael Oliver,Match Report,
Wed,2020-07-08,18:00,Sheffield Utd,0.5,1–0,0.4,Wolves,,Bramall Lane,Martin Atkinson,Match Report,
Wed,2020-07-08,20:15,Brighton,2.4,1–3,2.5,Liverpool,,The American Express Community Stadium,Craig Pawson,Match Report,
Thu,2020-07-09,18:00,Everton,1.0,1–1,2.4,Southampton,,Goodison Park,Lee Mason,Match Report,
Thu,2020-07-09,18:00,Bournemouth,1.4,0–0,0.5,Tottenham,,Vitality Stadium,Paul Tierney,Match Report,
Thu,2020-07-09,20:15,Aston Villa,0.5,0–3,2.3,Manchester Utd,,Villa Park,Jonathan Moss,Match Report,
,,,,,,,,,,,,
Sat,2020-07-11,12:30,Norwich City,0.6,0–4,3.5,West Ham,,Carrow Road,Kevin Friend,Match Report,
Sat,2020-07-11,12:30,Watford,3.4,2–1,1.3,Newcastle Utd,,Vicarage Road Stadium,Craig Pawson,Match Report,
Sat,2020-07-11,15:00,Liverpool,1.7,1–1,0.4,Burnley,,Anfield,David Coote,Match Report,
Sat,2020-07-11,17:30,Sheffield Utd,2.3,3–0,1.2,Chelsea,,Bramall Lane,Andre Marriner,Match Report,
Sat,2020-07-11,20:00,Brighton,0.2,0–5,4.4,Manchester City,,The American Express Community Stadium,Graham Scott,Match Report,
Sun,2020-07-12,12:00,Wolves,2.6,3–0,0.3,Everton,,Molineux Stadium,Anthony Taylor,Match Report,
Sun,2020-07-12,14:15,Aston Villa,1.7,2–0,1.2,Crystal Palace,,Villa Park,Martin Atkinson,Match Report,
Sun,2020-07-12,16:30,Tottenham,2.0,2–1,0.6,Arsenal,,Tottenham Hotspur Stadium,Michael Oliver,Match Report,
Sun,2020-07-12,19:00,Bournemouth,2.5,4–1,1.5,Leicester City,,Vitality Stadium,Stuart Attwell,Match Report,
Mon,2020-07-13,20:00,Manchester Utd,1.5,2–2,1.6,Southampton,,Old Trafford,Chris Kavanagh,Match Report,
,,,,,,,,,,,,
Tue,2020-07-14,20:15,Chelsea,2.5,1–0,0.1,Norwich City,,Stamford Bridge,Jonathan Moss,Match Report,
Wed,2020-07-15,18:00,Newcastle Utd,1.1,1–3,1.5,Tottenham,,St. James' Park,David Coote,Match Report,
Wed,2020-07-15,18:00,Burnley,1.9,1–1,1.2,Wolves,,Turf Moor,Mike Dean,Match Report,
Wed,2020-07-15,18:00,Manchester City,0.7,2–1,1.6,Bournemouth,,Etihad Stadium,Lee Mason,Match Report,
Wed,2020-07-15,20:15,Arsenal,0.8,2–1,2.1,Liverpool,,Emirates Stadium,Paul Tierney,Match Report,
Thu,2020-07-16,18:00,Leicester City,2.6,2–0,0.7,Sheffield Utd,,King Power Stadium,Michael Oliver,Match Report,
Thu,2020-07-16,18:00,Everton,0.9,1–1,1.3,Aston Villa,,Goodison Park,Anthony Taylor,Match Report,
Thu,2020-07-16,20:15,Crystal Palace,0.6,0–2,2.2,Manchester Utd,,Selhurst Park,Graham Scott,Match Report,
Thu,2020-07-16,20:15,Southampton,2.5,1–1,0.7,Brighton,,St. Mary's Stadium,Andre Marriner,Match Report,
Fri,2020-07-17,20:00,West Ham,0.9,3–1,1.5,Watford,,London Stadium,Martin Atkinson,Match Report,
,,,,,,,,,,,,
Sat,2020-07-18,17:30,Norwich City,0.3,0–2,1.8,Burnley,,Carrow Road,Kevin Friend,Match Report,
Sun,2020-07-19,14:00,Bournemouth,0.5,0–2,2.5,Southampton,,Vitality Stadium,Craig Pawson,Match Report,
Sun,2020-07-19,16:00,Tottenham,0.8,3–0,1.7,Leicester City,,Tottenham Hotspur Stadium,Anthony Taylor,Match Report,
Mon,2020-07-20,18:00,Brighton,0.8,0–0,0.9,Newcastle Utd,,The American Express Community Stadium,Simon Hooper,Match Report,
Mon,2020-07-20,18:00,Sheffield Utd,0.5,0–1,0.4,Everton,,Bramall Lane,Stuart Attwell,Match Report,
Mon,2020-07-20,20:15,Wolves,1.5,2–0,0.4,Crystal Palace,,Molineux Stadium,Peter Bankes,Match Report,
Tue,2020-07-21,18:00,Watford,0.1,0–4,3.3,Manchester City,,Vicarage Road Stadium,Michael Oliver,Match Report,
Tue,2020-07-21,20:15,Aston Villa,0.6,1–0,0.6,Arsenal,,Villa Park,Chris Kavanagh,Match Report,
Wed,2020-07-22,18:00,Manchester Utd,0.6,1–1,1.5,West Ham,,Old Trafford,Paul Tierney,Match Report,
Wed,2020-07-22,20:15,Liverpool,1.7,5–3,2.4,Chelsea,,Anfield,Andre Marriner,Match Report,
,,,,,,,,,,,,
Sun,2020-07-26,16:00,Everton,1.7,1–3,1.5,Bournemouth,,Goodison Park,Chris Kavanagh,Match Report,
Sun,2020-07-26,16:00,Leicester City,0.8,0–2,1.3,Manchester Utd,,King Power Stadium,Martin Atkinson,Match Report,
Sun,2020-07-26,16:00,Southampton,1.7,3–1,1.4,Sheffield Utd,,St. Mary's Stadium,Peter Bankes,Match Report,
Sun,2020-07-26,16:00,Arsenal,2.3,3–2,3.7,Watford,,Emirates Stadium,Mike Dean,Match Report,
Sun,2020-07-26,16:00,Crystal Palace,0.8,1–1,0.3,Tottenham,,Selhurst Park,Andre Marriner,Match Report,
Sun,2020-07-26,16:00,Manchester City,3.2,5–0,1.0,Norwich City,,Etihad Stadium,Craig Pawson,Match Report,
Sun,2020-07-26,16:00,Chelsea,1.4,2–0,0.2,Wolves,,Stamford Bridge,Stuart Attwell,Match Report,
Sun,2020-07-26,16:00,West Ham,0.9,1–1,1.0,Aston Villa,,London Stadium,Michael Oliver,Match Report,
Sun,2020-07-26,16:00,Newcastle Utd,0.1,1–3,0.6,Liverpool,,St. James' Park,Anthony Taylor,Match Report,
Sun,2020-07-26,16:00,Burnley,1.7,1–2,1.2,Brighton,,Turf Moor,Jonathan Moss,Match Report,
