Day,Date,Time,Home,xG_Home,Score,xG_Away,Away,Attendance,Venue,Referee,HomeScore,AwayScore
Sat,2024-09-28,12:30,Newcastle Utd,,nan,,Manchester City,,St James' Park,,nan,
Sat,2024-09-28,15:00,Chelsea,,nan,,Brighton,,Stamford Bridge,,nan,
Sat,2024-09-28,15:00,Arsenal,,nan,,Leicester City,,Emirates Stadium,,nan,
Sat,2024-09-28,15:00,Brentford,,nan,,West Ham,,Gtech Community Stadium,,nan,
Sat,2024-09-28,15:00,Everton,,nan,,Crystal Palace,,Goodison Park,,nan,
Sat,2024-09-28,15:00,Nott'ham Forest,,nan,,Fulham,,The City Ground,,nan,
Sat,2024-09-28,17:30,Wolves,,nan,,Liverpool,,Molineux Stadium,,nan,
Sun,2024-09-29,14:00,Ipswich Town,,nan,,Aston Villa,,Portman Road Stadium,,nan,
Sun,2024-09-29,16:30,Manchester Utd,,nan,,Tottenham,,Old Trafford,,nan,
Mon,2024-09-30,20:00,Bournemouth,,nan,,Southampton,,Vitality Stadium,,nan,
Sat,2024-10-05,12:30,Crystal Palace,,nan,,Liverpool,,Selhurst Park,,nan,
Sat,2024-10-05,15:00,Manchester City,,nan,,Fulham,,Etihad Stadium,,nan,
Sat,2024-10-05,15:00,Brentford,,nan,,Wolves,,Gtech Community Stadium,,nan,
Sat,2024-10-05,15:00,West Ham,,nan,,Ipswich Town,,London Stadium,,nan,
Sat,2024-10-05,15:00,Arsenal,,nan,,Southampton,,Emirates Stadium,,nan,
Sat,2024-10-05,15:00,Leicester City,,nan,,Bournemouth,,King Power Stadium,,nan,
Sat,2024-10-05,17:30,Everton,,nan,,Newcastle Utd,,Goodison Park,,nan,
Sun,2024-10-06,14:00,Aston Villa,,nan,,Manchester Utd,,Villa Park,,nan,
Sun,2024-10-06,14:00,Chelsea,,nan,,Nott'ham Forest,,Stamford Bridge,,nan,
Sun,2024-10-06,16:30,Brighton,,nan,,Tottenham,,The American Express Stadium,,nan,
Sat,2024-10-19,12:30,Tottenham,,nan,,West Ham,,Tottenham Hotspur Stadium,,nan,
Sat,2024-10-19,15:00,Southampton,,nan,,Leicester City,,St Mary's Stadium,,nan,
Sat,2024-10-19,15:00,Ipswich Town,,nan,,Everton,,Portman Road Stadium,,nan,
Sat,2024-10-19,15:00,Newcastle Utd,,nan,,Brighton,,St James' Park,,nan,
Sat,2024-10-19,15:00,Fulham,,nan,,Aston Villa,,Craven Cottage,,nan,
Sat,2024-10-19,15:00,Manchester Utd,,nan,,Brentford,,Old Trafford,,nan,
Sat,2024-10-19,17:30,Bournemouth,,nan,,Arsenal,,Vitality Stadium,,nan,
Sun,2024-10-20,14:00,Wolves,,nan,,Manchester City,,Molineux Stadium,,nan,
Sun,2024-10-20,16:30,Liverpool,,nan,,Chelsea,,Anfield,,nan,
Mon,2024-10-21,20:00,Nott'ham Forest,,nan,,Crystal Palace,,The City Ground,,nan,
Fri,2024-10-25,20:00,Leicester City,,nan,,Nott'ham Forest,,King Power Stadium,,nan,
Sat,2024-10-26,15:00,Brentford,,nan,,Ipswich Town,,Gtech Community Stadium,,nan,
Sat,2024-10-26,15:00,Brighton,,nan,,Wolves,,The American Express Stadium,,nan,
Sat,2024-10-26,15:00,Manchester City,,nan,,Southampton,,Etihad Stadium,,nan,
Sat,2024-10-26,15:00,Aston Villa,,nan,,Bournemouth,,Villa Park,,nan,
Sat,2024-10-26,17:30,Everton,,nan,,Fulham,,Goodison Park,,nan,
Sun,2024-10-27,14:00,Chelsea,,nan,,Newcastle Utd,,Stamford Bridge,,nan,
Sun,2024-10-27,14:00,West Ham,,nan,,Manchester Utd,,London Stadium,,nan,
Sun,2024-10-27,14:00,Crystal Palace,,nan,,Tottenham,,Selhurst Park,,nan,
Sun,2024-10-27,16:30,Arsenal,,nan,,Liverpool,,Emirates Stadium,,nan,
Sat,2024-11-02,12:30,Newcastle Utd,,nan,,Arsenal,,St James' Park,,nan,
Sat,2024-11-02,15:00,Southampton,,nan,,Everton,,St Mary's Stadium,,nan,
Sat,2024-11-02,15:00,Liverpool,,nan,,Brighton,,Anfield,,nan,
Sat,2024-11-02,15:00,Nott'ham Forest,,nan,,West Ham,,The City Ground,,nan,
Sat,2024-11-02,15:00,Ipswich Town,,nan,,Leicester City,,Portman Road Stadium,,nan,
Sat,2024-11-02,15:00,Bournemouth,,nan,,Manchester City,,Vitality Stadium,,nan,
Sat,2024-11-02,17:30,Wolves,,nan,,Crystal Palace,,Molineux Stadium,,nan,
Sun,2024-11-03,14:00,Tottenham,,nan,,Aston Villa,,Tottenham Hotspur Stadium,,nan,
Sun,2024-11-03,16:30,Manchester Utd,,nan,,Chelsea,,Old Trafford,,nan,
Mon,2024-11-04,20:00,Fulham,,nan,,Brentford,,Craven Cottage,,nan,
Sat,2024-11-09,15:00,Brentford,,nan,,Bournemouth,,Gtech Community Stadium,,nan,
Sat,2024-11-09,15:00,West Ham,,nan,,Everton,,London Stadium,,nan,
Sat,2024-11-09,15:00,Crystal Palace,,nan,,Fulham,,Selhurst Park,,nan,
Sat,2024-11-09,15:00,Wolves,,nan,,Southampton,,Molineux Stadium,,nan,
Sat,2024-11-09,17:30,Brighton,,nan,,Manchester City,,The American Express Stadium,,nan,
Sat,2024-11-09,20:00,Liverpool,,nan,,Aston Villa,,Anfield,,nan,
Sun,2024-11-10,14:00,Manchester Utd,,nan,,Leicester City,,Old Trafford,,nan,
Sun,2024-11-10,14:00,Nott'ham Forest,,nan,,Newcastle Utd,,The City Ground,,nan,
Sun,2024-11-10,14:00,Tottenham,,nan,,Ipswich Town,,Tottenham Hotspur Stadium,,nan,
Sun,2024-11-10,16:30,Chelsea,,nan,,Arsenal,,Stamford Bridge,,nan,
Sat,2024-11-23,12:30,Leicester City,,nan,,Chelsea,,King Power Stadium,,nan,
Sat,2024-11-23,15:00,Arsenal,,nan,,Nott'ham Forest,,Emirates Stadium,,nan,
Sat,2024-11-23,15:00,Bournemouth,,nan,,Brighton,,Vitality Stadium,,nan,
Sat,2024-11-23,15:00,Aston Villa,,nan,,Crystal Palace,,Villa Park,,nan,
Sat,2024-11-23,15:00,Everton,,nan,,Brentford,,Goodison Park,,nan,
Sat,2024-11-23,15:00,Fulham,,nan,,Wolves,,Craven Cottage,,nan,
Sat,2024-11-23,17:30,Manchester City,,nan,,Tottenham,,Etihad Stadium,,nan,
Sun,2024-11-24,14:00,Southampton,,nan,,Liverpool,,St Mary's Stadium,,nan,
Sun,2024-11-24,16:30,Ipswich Town,,nan,,Manchester Utd,,Portman Road Stadium,,nan,
Mon,2024-11-25,20:00,Newcastle Utd,,nan,,West Ham,,St James' Park,,nan,
Fri,2024-11-29,20:00,Brighton,,nan,,Southampton,,The American Express Stadium,,nan,
Sat,2024-11-30,15:00,Crystal Palace,,nan,,Newcastle Utd,,Selhurst Park,,nan,
Sat,2024-11-30,15:00,Wolves,,nan,,Bournemouth,,Molineux Stadium,,nan,
Sat,2024-11-30,15:00,Nott'ham Forest,,nan,,Ipswich Town,,The City Ground,,nan,
Sat,2024-11-30,15:00,Brentford,,nan,,Leicester City,,Gtech Community Stadium,,nan,
Sat,2024-11-30,17:30,West Ham,,nan,,Arsenal,,London Stadium,,nan,
Sun,2024-12-01,13:30,Chelsea,,nan,,Aston Villa,,Stamford Bridge,,nan,
Sun,2024-12-01,13:30,Tottenham,,nan,,Fulham,,Tottenham Hotspur Stadium,,nan,
Sun,2024-12-01,13:30,Manchester Utd,,nan,,Everton,,Old Trafford,,nan,
Sun,2024-12-01,16:00,Liverpool,,nan,,Manchester City,,Anfield,,nan,
Tue,2024-12-03,19:45,Fulham,,nan,,Brighton,,Craven Cottage,,nan,
Tue,2024-12-03,19:45,Leicester City,,nan,,West Ham,,King Power Stadium,,nan,
Tue,2024-12-03,19:45,Everton,,nan,,Wolves,,Goodison Park,,nan,
Tue,2024-12-03,19:45,Arsenal,,nan,,Manchester Utd,,Emirates Stadium,,nan,
Tue,2024-12-03,19:45,Aston Villa,,nan,,Brentford,,Villa Park,,nan,
Tue,2024-12-03,19:45,Bournemouth,,nan,,Tottenham,,Vitality Stadium,,nan,
Tue,2024-12-03,19:45,Ipswich Town,,nan,,Crystal Palace,,Portman Road Stadium,,nan,
Wed,2024-12-04,19:45,Newcastle Utd,,nan,,Liverpool,,St James' Park,,nan,
Wed,2024-12-04,19:45,Manchester City,,nan,,Nott'ham Forest,,Etihad Stadium,,nan,
Wed,2024-12-04,19:45,Southampton,,nan,,Chelsea,,St Mary's Stadium,,nan,
Sat,2024-12-07,15:00,Fulham,,nan,,Arsenal,,Craven Cottage,,nan,
Sat,2024-12-07,15:00,Manchester Utd,,nan,,Nott'ham Forest,,Old Trafford,,nan,
Sat,2024-12-07,15:00,Brentford,,nan,,Newcastle Utd,,Gtech Community Stadium,,nan,
Sat,2024-12-07,15:00,Ipswich Town,,nan,,Bournemouth,,Portman Road Stadium,,nan,
Sat,2024-12-07,15:00,West Ham,,nan,,Wolves,,London Stadium,,nan,
Sat,2024-12-07,15:00,Crystal Palace,,nan,,Manchester City,,Selhurst Park,,nan,
Sat,2024-12-07,15:00,Leicester City,,nan,,Brighton,,King Power Stadium,,nan,
Sat,2024-12-07,15:00,Everton,,nan,,Liverpool,,Goodison Park,,nan,
Sat,2024-12-07,15:00,Aston Villa,,nan,,Southampton,,Villa Park,,nan,
Sat,2024-12-07,15:00,Tottenham,,nan,,Chelsea,,Tottenham Hotspur Stadium,,nan,
Sat,2024-12-14,15:00,Newcastle Utd,,nan,,Leicester City,,St James' Park,,nan,
Sat,2024-12-14,15:00,Nott'ham Forest,,nan,,Aston Villa,,The City Ground,,nan,
Sat,2024-12-14,15:00,Arsenal,,nan,,Everton,,Emirates Stadium,,nan,
Sat,2024-12-14,15:00,Southampton,,nan,,Tottenham,,St Mary's Stadium,,nan,
Sat,2024-12-14,15:00,Manchester City,,nan,,Manchester Utd,,Etihad Stadium,,nan,
Sat,2024-12-14,15:00,Wolves,,nan,,Ipswich Town,,Molineux Stadium,,nan,
Sat,2024-12-14,15:00,Bournemouth,,nan,,West Ham,,Vitality Stadium,,nan,
Sat,2024-12-14,15:00,Chelsea,,nan,,Brentford,,Stamford Bridge,,nan,
Sat,2024-12-14,15:00,Liverpool,,nan,,Fulham,,Anfield,,nan,
Sat,2024-12-14,15:00,Brighton,,nan,,Crystal Palace,,The American Express Stadium,,nan,
Sat,2024-12-21,15:00,West Ham,,nan,,Brighton,,London Stadium,,nan,
Sat,2024-12-21,15:00,Brentford,,nan,,Nott'ham Forest,,Gtech Community Stadium,,nan,
Sat,2024-12-21,15:00,Tottenham,,nan,,Liverpool,,Tottenham Hotspur Stadium,,nan,
Sat,2024-12-21,15:00,Crystal Palace,,nan,,Arsenal,,Selhurst Park,,nan,
Sat,2024-12-21,15:00,Ipswich Town,,nan,,Newcastle Utd,,Portman Road Stadium,,nan,
Sat,2024-12-21,15:00,Manchester Utd,,nan,,Bournemouth,,Old Trafford,,nan,
Sat,2024-12-21,15:00,Fulham,,nan,,Southampton,,Craven Cottage,,nan,
Sat,2024-12-21,15:00,Aston Villa,,nan,,Manchester City,,Villa Park,,nan,
Sat,2024-12-21,15:00,Everton,,nan,,Chelsea,,Goodison Park,,nan,
Sat,2024-12-21,15:00,Leicester City,,nan,,Wolves,,King Power Stadium,,nan,
Thu,2024-12-26,15:00,Chelsea,,nan,,Fulham,,Stamford Bridge,,nan,
Thu,2024-12-26,15:00,Brighton,,nan,,Brentford,,The American Express Stadium,,nan,
Thu,2024-12-26,15:00,Liverpool,,nan,,Leicester City,,Anfield,,nan,
Thu,2024-12-26,15:00,Arsenal,,nan,,Ipswich Town,,Emirates Stadium,,nan,
Thu,2024-12-26,15:00,Wolves,,nan,,Manchester Utd,,Molineux Stadium,,nan,
Thu,2024-12-26,15:00,Southampton,,nan,,West Ham,,St Mary's Stadium,,nan,
Thu,2024-12-26,15:00,Manchester City,,nan,,Everton,,Etihad Stadium,,nan,
Thu,2024-12-26,15:00,Bournemouth,,nan,,Crystal Palace,,Vitality Stadium,,nan,
Thu,2024-12-26,15:00,Newcastle Utd,,nan,,Aston Villa,,St James' Park,,nan,
Thu,2024-12-26,15:00,Nott'ham Forest,,nan,,Tottenham,,The City Ground,,nan,
Sun,2024-12-29,15:00,Tottenham,,nan,,Wolves,,Tottenham Hotspur Stadium,,nan,
Sun,2024-12-29,15:00,Fulham,,nan,,Bournemouth,,Craven Cottage,,nan,
Sun,2024-12-29,15:00,Aston Villa,,nan,,Brighton,,Villa Park,,nan,
Sun,2024-12-29,15:00,Everton,,nan,,Nott'ham Forest,,Goodison Park,,nan,
Sun,2024-12-29,15:00,Crystal Palace,,nan,,Southampton,,Selhurst Park,,nan,
Sun,2024-12-29,15:00,Brentford,,nan,,Arsenal,,Gtech Community Stadium,,nan,
Sun,2024-12-29,15:00,Ipswich Town,,nan,,Chelsea,,Portman Road Stadium,,nan,
Sun,2024-12-29,15:00,Leicester City,,nan,,Manchester City,,King Power Stadium,,nan,
Sun,2024-12-29,15:00,Manchester Utd,,nan,,Newcastle Utd,,Old Trafford,,nan,
Sun,2024-12-29,15:00,West Ham,,nan,,Liverpool,,London Stadium,,nan,
Sat,2025-01-04,15:00,Southampton,,nan,,Brentford,,St Mary's Stadium,,nan,
Sat,2025-01-04,15:00,Bournemouth,,nan,,Everton,,Vitality Stadium,,nan,
Sat,2025-01-04,15:00,Liverpool,,nan,,Manchester Utd,,Anfield,,nan,
Sat,2025-01-04,15:00,Brighton,,nan,,Arsenal,,The American Express Stadium,,nan,
Sat,2025-01-04,15:00,Wolves,,nan,,Nott'ham Forest,,Molineux Stadium,,nan,
Sat,2025-01-04,15:00,Fulham,,nan,,Ipswich Town,,Craven Cottage,,nan,
Sat,2025-01-04,15:00,Tottenham,,nan,,Newcastle Utd,,Tottenham Hotspur Stadium,,nan,
Sat,2025-01-04,15:00,Crystal Palace,,nan,,Chelsea,,Selhurst Park,,nan,
Sat,2025-01-04,15:00,Manchester City,,nan,,West Ham,,Etihad Stadium,,nan,
Sat,2025-01-04,15:00,Aston Villa,,nan,,Leicester City,,Villa Park,,nan,
Tue,2025-01-14,19:45,Nott'ham Forest,,nan,,Liverpool,,The City Ground,,nan,
Tue,2025-01-14,19:45,Everton,,nan,,Aston Villa,,Goodison Park,,nan,
Tue,2025-01-14,19:45,Brentford,,nan,,Manchester City,,Gtech Community Stadium,,nan,
Tue,2025-01-14,19:45,Leicester City,,nan,,Crystal Palace,,King Power Stadium,,nan,
Tue,2025-01-14,19:45,Ipswich Town,,nan,,Brighton,,Portman Road Stadium,,nan,
Tue,2025-01-14,19:45,West Ham,,nan,,Fulham,,London Stadium,,nan,
Tue,2025-01-14,19:45,Arsenal,,nan,,Tottenham,,Emirates Stadium,,nan,
Wed,2025-01-15,19:45,Newcastle Utd,,nan,,Wolves,,St James' Park,,nan,
Wed,2025-01-15,19:45,Chelsea,,nan,,Bournemouth,,Stamford Bridge,,nan,
Wed,2025-01-15,20:00,Manchester Utd,,nan,,Southampton,,Old Trafford,,nan,
Sat,2025-01-18,15:00,West Ham,,nan,,Crystal Palace,,London Stadium,,nan,
Sat,2025-01-18,15:00,Arsenal,,nan,,Aston Villa,,Emirates Stadium,,nan,
Sat,2025-01-18,15:00,Manchester Utd,,nan,,Brighton,,Old Trafford,,nan,
Sat,2025-01-18,15:00,Brentford,,nan,,Liverpool,,Gtech Community Stadium,,nan,
Sat,2025-01-18,15:00,Ipswich Town,,nan,,Manchester City,,Portman Road Stadium,,nan,
Sat,2025-01-18,15:00,Newcastle Utd,,nan,,Bournemouth,,St James' Park,,nan,
Sat,2025-01-18,15:00,Leicester City,,nan,,Fulham,,King Power Stadium,,nan,
Sat,2025-01-18,15:00,Nott'ham Forest,,nan,,Southampton,,The City Ground,,nan,
Sat,2025-01-18,15:00,Chelsea,,nan,,Wolves,,Stamford Bridge,,nan,
Sat,2025-01-18,15:00,Everton,,nan,,Tottenham,,Goodison Park,,nan,
Sat,2025-01-25,15:00,Wolves,,nan,,Arsenal,,Molineux Stadium,,nan,
Sat,2025-01-25,15:00,Crystal Palace,,nan,,Brentford,,Selhurst Park,,nan,
Sat,2025-01-25,15:00,Southampton,,nan,,Newcastle Utd,,St Mary's Stadium,,nan,
Sat,2025-01-25,15:00,Tottenham,,nan,,Leicester City,,Tottenham Hotspur Stadium,,nan,
Sat,2025-01-25,15:00,Brighton,,nan,,Everton,,The American Express Stadium,,nan,
Sat,2025-01-25,15:00,Aston Villa,,nan,,West Ham,,Villa Park,,nan,
Sat,2025-01-25,15:00,Manchester City,,nan,,Chelsea,,Etihad Stadium,,nan,
Sat,2025-01-25,15:00,Fulham,,nan,,Manchester Utd,,Craven Cottage,,nan,
Sat,2025-01-25,15:00,Liverpool,,nan,,Ipswich Town,,Anfield,,nan,
Sat,2025-01-25,15:00,Bournemouth,,nan,,Nott'ham Forest,,Vitality Stadium,,nan,
Sat,2025-02-01,15:00,Ipswich Town,,nan,,Southampton,,Portman Road Stadium,,nan,
Sat,2025-02-01,15:00,Arsenal,,nan,,Manchester City,,Emirates Stadium,,nan,
Sat,2025-02-01,15:00,Everton,,nan,,Leicester City,,Goodison Park,,nan,
Sat,2025-02-01,15:00,Newcastle Utd,,nan,,Fulham,,St James' Park,,nan,
Sat,2025-02-01,15:00,Wolves,,nan,,Aston Villa,,Molineux Stadium,,nan,
Sat,2025-02-01,15:00,Brentford,,nan,,Tottenham,,Gtech Community Stadium,,nan,
Sat,2025-02-01,15:00,Manchester Utd,,nan,,Crystal Palace,,Old Trafford,,nan,
Sat,2025-02-01,15:00,Bournemouth,,nan,,Liverpool,,Vitality Stadium,,nan,
Sat,2025-02-01,15:00,Nott'ham Forest,,nan,,Brighton,,The City Ground,,nan,
Sat,2025-02-01,15:00,Chelsea,,nan,,West Ham,,Stamford Bridge,,nan,
Sat,2025-02-15,15:00,Aston Villa,,nan,,Ipswich Town,,Villa Park,,nan,
Sat,2025-02-15,15:00,Tottenham,,nan,,Manchester Utd,,Tottenham Hotspur Stadium,,nan,
Sat,2025-02-15,15:00,Crystal Palace,,nan,,Everton,,Selhurst Park,,nan,
Sat,2025-02-15,15:00,Fulham,,nan,,Nott'ham Forest,,Craven Cottage,,nan,
Sat,2025-02-15,15:00,Liverpool,,nan,,Wolves,,Anfield,,nan,
Sat,2025-02-15,15:00,West Ham,,nan,,Brentford,,London Stadium,,nan,
Sat,2025-02-15,15:00,Manchester City,,nan,,Newcastle Utd,,Etihad Stadium,,nan,
Sat,2025-02-15,15:00,Leicester City,,nan,,Arsenal,,King Power Stadium,,nan,
Sat,2025-02-15,15:00,Southampton,,nan,,Bournemouth,,St Mary's Stadium,,nan,
Sat,2025-02-15,15:00,Brighton,,nan,,Chelsea,,The American Express Stadium,,nan,
Sat,2025-02-22,15:00,Aston Villa,,nan,,Chelsea,,Villa Park,,nan,
Sat,2025-02-22,15:00,Fulham,,nan,,Crystal Palace,,Craven Cottage,,nan,
Sat,2025-02-22,15:00,Ipswich Town,,nan,,Tottenham,,Portman Road Stadium,,nan,
Sat,2025-02-22,15:00,Newcastle Utd,,nan,,Nott'ham Forest,,St James' Park,,nan,
Sat,2025-02-22,15:00,Bournemouth,,nan,,Wolves,,Vitality Stadium,,nan,
Sat,2025-02-22,15:00,Leicester City,,nan,,Brentford,,King Power Stadium,,nan,
Sat,2025-02-22,15:00,Arsenal,,nan,,West Ham,,Emirates Stadium,,nan,
Sat,2025-02-22,15:00,Manchester City,,nan,,Liverpool,,Etihad Stadium,,nan,
Sat,2025-02-22,15:00,Everton,,nan,,Manchester Utd,,Goodison Park,,nan,
Sat,2025-02-22,15:00,Southampton,,nan,,Brighton,,St Mary's Stadium,,nan,
Tue,2025-02-25,19:45,West Ham,,nan,,Leicester City,,London Stadium,,nan,
Tue,2025-02-25,19:45,Brentford,,nan,,Everton,,Gtech Community Stadium,,nan,
Tue,2025-02-25,19:45,Tottenham,,nan,,Manchester City,,Tottenham Hotspur Stadium,,nan,
Tue,2025-02-25,19:45,Wolves,,nan,,Fulham,,Molineux Stadium,,nan,
Tue,2025-02-25,19:45,Nott'ham Forest,,nan,,Arsenal,,The City Ground,,nan,
Tue,2025-02-25,19:45,Brighton,,nan,,Bournemouth,,The American Express Stadium,,nan,
Tue,2025-02-25,20:00,Crystal Palace,,nan,,Aston Villa,,Selhurst Park,,nan,
Wed,2025-02-26,19:45,Chelsea,,nan,,Southampton,,Stamford Bridge,,nan,
Wed,2025-02-26,20:00,Liverpool,,nan,,Newcastle Utd,,Anfield,,nan,
Wed,2025-02-26,20:00,Manchester Utd,,nan,,Ipswich Town,,Old Trafford,,nan,
Sat,2025-03-08,15:00,Liverpool,,nan,,Southampton,,Anfield,,nan,
Sat,2025-03-08,15:00,Chelsea,,nan,,Leicester City,,Stamford Bridge,,nan,
Sat,2025-03-08,15:00,Wolves,,nan,,Everton,,Molineux Stadium,,nan,
Sat,2025-03-08,15:00,West Ham,,nan,,Newcastle Utd,,London Stadium,,nan,
Sat,2025-03-08,15:00,Tottenham,,nan,,Bournemouth,,Tottenham Hotspur Stadium,,nan,
Sat,2025-03-08,15:00,Manchester Utd,,nan,,Arsenal,,Old Trafford,,nan,
Sat,2025-03-08,15:00,Crystal Palace,,nan,,Ipswich Town,,Selhurst Park,,nan,
Sat,2025-03-08,15:00,Nott'ham Forest,,nan,,Manchester City,,The City Ground,,nan,
Sat,2025-03-08,15:00,Brighton,,nan,,Fulham,,The American Express Stadium,,nan,
Sat,2025-03-08,15:00,Brentford,,nan,,Aston Villa,,Gtech Community Stadium,,nan,
Sat,2025-03-15,15:00,Arsenal,,nan,,Chelsea,,Emirates Stadium,,nan,
Sat,2025-03-15,15:00,Aston Villa,,nan,,Liverpool,,Villa Park,,nan,
Sat,2025-03-15,15:00,Fulham,,nan,,Tottenham,,Craven Cottage,,nan,
Sat,2025-03-15,15:00,Newcastle Utd,,nan,,Crystal Palace,,St James' Park,,nan,
Sat,2025-03-15,15:00,Leicester City,,nan,,Manchester Utd,,King Power Stadium,,nan,
Sat,2025-03-15,15:00,Manchester City,,nan,,Brighton,,Etihad Stadium,,nan,
Sat,2025-03-15,15:00,Ipswich Town,,nan,,Nott'ham Forest,,Portman Road Stadium,,nan,
Sat,2025-03-15,15:00,Everton,,nan,,West Ham,,Goodison Park,,nan,
Sat,2025-03-15,15:00,Southampton,,nan,,Wolves,,St Mary's Stadium,,nan,
Sat,2025-03-15,15:00,Bournemouth,,nan,,Brentford,,Vitality Stadium,,nan,
Tue,2025-04-01,19:45,Brighton,,nan,,Aston Villa,,The American Express Stadium,,nan,
Tue,2025-04-01,19:45,Bournemouth,,nan,,Ipswich Town,,Vitality Stadium,,nan,
Tue,2025-04-01,19:45,Wolves,,nan,,West Ham,,Molineux Stadium,,nan,
Tue,2025-04-01,19:45,Arsenal,,nan,,Fulham,,Emirates Stadium,,nan,
Tue,2025-04-01,19:45,Nott'ham Forest,,nan,,Manchester Utd,,The City Ground,,nan,
Wed,2025-04-02,19:45,Southampton,,nan,,Crystal Palace,,St Mary's Stadium,,nan,
Wed,2025-04-02,19:45,Chelsea,,nan,,Tottenham,,Stamford Bridge,,nan,
Wed,2025-04-02,19:45,Manchester City,,nan,,Leicester City,,Etihad Stadium,,nan,
Wed,2025-04-02,19:45,Newcastle Utd,,nan,,Brentford,,St James' Park,,nan,
Wed,2025-04-02,20:00,Liverpool,,nan,,Everton,,Anfield,,nan,
Sat,2025-04-05,15:00,West Ham,,nan,,Bournemouth,,London Stadium,,nan,
Sat,2025-04-05,15:00,Manchester Utd,,nan,,Manchester City,,Old Trafford,,nan,
Sat,2025-04-05,15:00,Brentford,,nan,,Chelsea,,Gtech Community Stadium,,nan,
Sat,2025-04-05,15:00,Aston Villa,,nan,,Nott'ham Forest,,Villa Park,,nan,
Sat,2025-04-05,15:00,Everton,,nan,,Arsenal,,Goodison Park,,nan,
Sat,2025-04-05,15:00,Fulham,,nan,,Liverpool,,Craven Cottage,,nan,
Sat,2025-04-05,15:00,Ipswich Town,,nan,,Wolves,,Portman Road Stadium,,nan,
Sat,2025-04-05,15:00,Leicester City,,nan,,Newcastle Utd,,King Power Stadium,,nan,
Sat,2025-04-05,15:00,Crystal Palace,,nan,,Brighton,,Selhurst Park,,nan,
Sat,2025-04-05,15:00,Tottenham,,nan,,Southampton,,Tottenham Hotspur Stadium,,nan,
Sat,2025-04-12,15:00,Bournemouth,,nan,,Fulham,,Vitality Stadium,,nan,
Sat,2025-04-12,15:00,Newcastle Utd,,nan,,Manchester Utd,,St James' Park,,nan,
Sat,2025-04-12,15:00,Arsenal,,nan,,Brentford,,Emirates Stadium,,nan,
Sat,2025-04-12,15:00,Liverpool,,nan,,West Ham,,Anfield,,nan,
Sat,2025-04-12,15:00,Wolves,,nan,,Tottenham,,Molineux Stadium,,nan,
Sat,2025-04-12,15:00,Brighton,,nan,,Leicester City,,The American Express Stadium,,nan,
Sat,2025-04-12,15:00,Manchester City,,nan,,Crystal Palace,,Etihad Stadium,,nan,
Sat,2025-04-12,15:00,Nott'ham Forest,,nan,,Everton,,The City Ground,,nan,
Sat,2025-04-12,15:00,Chelsea,,nan,,Ipswich Town,,Stamford Bridge,,nan,
Sat,2025-04-12,15:00,Southampton,,nan,,Aston Villa,,St Mary's Stadium,,nan,
Sat,2025-04-19,15:00,Leicester City,,nan,,Liverpool,,King Power Stadium,,nan,
Sat,2025-04-19,15:00,Ipswich Town,,nan,,Arsenal,,Portman Road Stadium,,nan,
Sat,2025-04-19,15:00,Brentford,,nan,,Brighton,,Gtech Community Stadium,,nan,
Sat,2025-04-19,15:00,Aston Villa,,nan,,Newcastle Utd,,Villa Park,,nan,
Sat,2025-04-19,15:00,Tottenham,,nan,,Nott'ham Forest,,Tottenham Hotspur Stadium,,nan,
Sat,2025-04-19,15:00,West Ham,,nan,,Southampton,,London Stadium,,nan,
Sat,2025-04-19,15:00,Crystal Palace,,nan,,Bournemouth,,Selhurst Park,,nan,
Sat,2025-04-19,15:00,Everton,,nan,,Manchester City,,Goodison Park,,nan,
Sat,2025-04-19,15:00,Fulham,,nan,,Chelsea,,Craven Cottage,,nan,
Sat,2025-04-19,15:00,Manchester Utd,,nan,,Wolves,,Old Trafford,,nan,
Sat,2025-04-26,15:00,Chelsea,,nan,,Everton,,Stamford Bridge,,nan,
Sat,2025-04-26,15:00,Wolves,,nan,,Leicester City,,Molineux Stadium,,nan,
Sat,2025-04-26,15:00,Newcastle Utd,,nan,,Ipswich Town,,St James' Park,,nan,
Sat,2025-04-26,15:00,Manchester City,,nan,,Aston Villa,,Etihad Stadium,,nan,
Sat,2025-04-26,15:00,Liverpool,,nan,,Tottenham,,Anfield,,nan,
Sat,2025-04-26,15:00,Arsenal,,nan,,Crystal Palace,,Emirates Stadium,,nan,
Sat,2025-04-26,15:00,Bournemouth,,nan,,Manchester Utd,,Vitality Stadium,,nan,
Sat,2025-04-26,15:00,Southampton,,nan,,Fulham,,St Mary's Stadium,,nan,
Sat,2025-04-26,15:00,Nott'ham Forest,,nan,,Brentford,,The City Ground,,nan,
Sat,2025-04-26,15:00,Brighton,,nan,,West Ham,,The American Express Stadium,,nan,
Sat,2025-05-03,15:00,Chelsea,,nan,,Liverpool,,Stamford Bridge,,nan,
Sat,2025-05-03,15:00,Brentford,,nan,,Manchester Utd,,Gtech Community Stadium,,nan,
Sat,2025-05-03,15:00,Manchester City,,nan,,Wolves,,Etihad Stadium,,nan,
Sat,2025-05-03,15:00,West Ham,,nan,,Tottenham,,London Stadium,,nan,
Sat,2025-05-03,15:00,Crystal Palace,,nan,,Nott'ham Forest,,Selhurst Park,,nan,
Sat,2025-05-03,15:00,Arsenal,,nan,,Bournemouth,,Emirates Stadium,,nan,
Sat,2025-05-03,15:00,Everton,,nan,,Ipswich Town,,Goodison Park,,nan,
Sat,2025-05-03,15:00,Aston Villa,,nan,,Fulham,,Villa Park,,nan,
Sat,2025-05-03,15:00,Brighton,,nan,,Newcastle Utd,,The American Express Stadium,,nan,
Sat,2025-05-03,15:00,Leicester City,,nan,,Southampton,,King Power Stadium,,nan,
Sat,2025-05-10,15:00,Liverpool,,nan,,Arsenal,,Anfield,,nan,
Sat,2025-05-10,15:00,Southampton,,nan,,Manchester City,,St Mary's Stadium,,nan,
Sat,2025-05-10,15:00,Tottenham,,nan,,Crystal Palace,,Tottenham Hotspur Stadium,,nan,
Sat,2025-05-10,15:00,Fulham,,nan,,Everton,,Craven Cottage,,nan,
Sat,2025-05-10,15:00,Newcastle Utd,,nan,,Chelsea,,St James' Park,,nan,
Sat,2025-05-10,15:00,Nott'ham Forest,,nan,,Leicester City,,The City Ground,,nan,
Sat,2025-05-10,15:00,Manchester Utd,,nan,,West Ham,,Old Trafford,,nan,
Sat,2025-05-10,15:00,Bournemouth,,nan,,Aston Villa,,Vitality Stadium,,nan,
Sat,2025-05-10,15:00,Ipswich Town,,nan,,Brentford,,Portman Road Stadium,,nan,
Sat,2025-05-10,15:00,Wolves,,nan,,Brighton,,Molineux Stadium,,nan,
Sun,2025-05-18,15:00,Brentford,,nan,,Fulham,,Gtech Community Stadium,,nan,
Sun,2025-05-18,15:00,Arsenal,,nan,,Newcastle Utd,,Emirates Stadium,,nan,
Sun,2025-05-18,15:00,Brighton,,nan,,Liverpool,,The American Express Stadium,,nan,
Sun,2025-05-18,15:00,Leicester City,,nan,,Ipswich Town,,King Power Stadium,,nan,
Sun,2025-05-18,15:00,West Ham,,nan,,Nott'ham Forest,,London Stadium,,nan,
Sun,2025-05-18,15:00,Everton,,nan,,Southampton,,Goodison Park,,nan,
Sun,2025-05-18,15:00,Aston Villa,,nan,,Tottenham,,Villa Park,,nan,
Sun,2025-05-18,15:00,Chelsea,,nan,,Manchester Utd,,Stamford Bridge,,nan,
Sun,2025-05-18,15:00,Manchester City,,nan,,Bournemouth,,Etihad Stadium,,nan,
Sun,2025-05-18,15:00,Crystal Palace,,nan,,Wolves,,Selhurst Park,,nan,
Sun,2025-05-25,16:00,Southampton,,nan,,Arsenal,,St Mary's Stadium,,nan,
Sun,2025-05-25,16:00,Liverpool,,nan,,Crystal Palace,,Anfield,,nan,
Sun,2025-05-25,16:00,Ipswich Town,,nan,,West Ham,,Portman Road Stadium,,nan,
Sun,2025-05-25,16:00,Bournemouth,,nan,,Leicester City,,Vitality Stadium,,nan,
Sun,2025-05-25,16:00,Newcastle Utd,,nan,,Everton,,St James' Park,,nan,
Sun,2025-05-25,16:00,Fulham,,nan,,Manchester City,,Craven Cottage,,nan,
Sun,2025-05-25,16:00,Nott'ham Forest,,nan,,Chelsea,,The City Ground,,nan,
Sun,2025-05-25,16:00,Manchester Utd,,nan,,Aston Villa,,Old Trafford,,nan,
Sun,2025-05-25,16:00,Wolves,,nan,,Brentford,,Molineux Stadium,,nan,
Sun,2025-05-25,16:00,Tottenham,,nan,,Brighton,,Tottenham Hotspur Stadium,,nan,
